{"cameraMode":{"drawMode":0,"name":"Shaded","section":"Shading Mode"},"sceneLighting":true,"audioPlay":false,"sceneViewState":{"showFog":true,"showMaterialUpdate":false,"showSkybox":true,"showFlares":true,"showImageEffects":true,"showParticleSystems":true},"in2DMode":false,"pivot":{"x":-4.134498596191406,"y":-57.23839569091797,"z":163.66664123535157},"rotation":{"x":-0.2148468941450119,"y":0.1755206435918808,"z":-0.037155624479055408,"w":-0.9601483941078186},"size":221.2006072998047,"orthographic":false}