{"cameraMode":{"drawMode":0,"name":"Shaded","section":"Shading Mode"},"sceneLighting":true,"audioPlay":false,"sceneViewState":{"m_AlwaysRefresh":false,"showFog":true,"showSkybox":true,"showFlares":true,"showImageEffects":true,"showParticleSystems":true,"showVisualEffectGraphs":true,"m_FxEnabled":true},"in2DMode":false,"pivot":{"x":-1.5961811542510987,"y":3.822956085205078,"z":30.115047454833986},"rotation":{"x":0.0354100726544857,"y":-0.047496844083070758,"z":-0.0016090424032881857,"w":-0.9983373284339905},"size":20.22369956970215,"orthographic":false}